id,first_name,last_name,email,gender,ip_address
1,Daniel,Patterson,dpatterson0@amazon.com,Male,210.37.158.95
2,Raymond,Garrett,rgarrett1@zdnet.com,Male,98.31.209.166
3,Kevin,Gardner,kgardner2@hubpages.com,Male,100.97.102.241
4,Frank,Vasquez,fvasquez3@nifty.com,Male,100.190.212.130
5,Samuel,Murray,smurray4@opensource.org,Male,95.169.37.124
6,Phyllis,Jackson,pjackson5@devhub.com,Female,86.44.89.70
7,Lillian,Cole,lcole6@youtube.com,Female,231.205.188.139
8,Lori,Fields,lfields7@dot.gov,Female,67.222.141.82
9,Jesse,Rice,jrice8@unicef.org,Male,217.28.57.84
10,Pamela,Miller,pmiller9@google.co.jp,Female,234.101.194.116
11,Jennifer,Daniels,jdanielsa@tinypic.com,Female,137.67.148.59
12,Bobby,Woods,bwoodsb@purevolume.com,Male,105.184.81.26
13,Philip,Fowler,pfowlerc@fastcompany.com,Male,1.119.239.129
14,Michelle,Stanley,mstanleyd@blogtalkradio.com,Female,90.11.115.0
15,Norma,Gilbert,ngilberte@pen.io,Female,249.65.161.226
16,Kenneth,Ray,krayf@google.fr,Male,104.144.97.210
17,Henry,Mitchell,hmitchellg@hibu.com,Male,104.66.77.218
18,Ryan,Johnston,rjohnstonh@360.cn,Male,179.15.224.150
19,Henry,Hansen,hhanseni@imdb.com,Male,49.176.185.6
20,Kelly,Matthews,kmatthewsj@flickr.com,Female,118.237.55.28
21,Gloria,Hunter,ghunterk@columbia.edu,Female,71.87.249.228
22,Robert,Moreno,rmorenol@typepad.com,Male,122.59.88.27
23,Terry,Daniels,tdanielsm@irs.gov,Male,67.186.125.108
24,Ralph,Anderson,randersonn@columbia.edu,Male,48.100.115.1
25,Deborah,Porter,dportero@linkedin.com,Female,222.186.167.134
26,Stephanie,Reynolds,sreynoldsp@pinterest.com,Female,94.42.71.163
27,Pamela,Bell,pbellq@pagesperso-orange.fr,Female,160.165.208.145
28,Frank,Hunt,fhuntr@bloglovin.com,Male,236.64.117.122
29,Karen,Harris,kharriss@zdnet.com,Female,213.51.227.247
30,Maria,Butler,mbutlert@state.gov,Female,170.110.131.37
31,Steve,Davis,sdavisu@nih.gov,Male,26.45.9.33
32,Steve,Lee,sleev@github.com,Male,217.243.216.210
33,Charles,Brown,cbrownw@homestead.com,Male,122.158.10.176
34,Justin,Carpenter,jcarpenterx@nyu.edu,Male,215.124.27.161
35,Bobby,Vasquez,bvasquezy@who.int,Male,108.25.214.35
36,Doris,Washington,dwashingtonz@joomla.org,Female,5.59.233.146
37,Deborah,Morgan,dmorgan10@opensource.org,Female,158.93.207.58
38,Ralph,Murray,rmurray11@prlog.org,Male,125.51.119.211
39,Wanda,Hall,whall12@xing.com,Female,77.65.77.98
40,Marie,Olson,molson13@sitemeter.com,Female,206.69.175.171
41,Joshua,Sullivan,jsullivan14@jalbum.net,Male,137.160.194.228
42,Lillian,Duncan,lduncan15@samsung.com,Female,29.2.134.38
43,Ernest,Harrison,eharrison16@sfgate.com,Male,44.188.217.153
44,Albert,Reynolds,areynolds17@army.mil,Male,72.239.36.86
45,Kenneth,Nichols,knichols18@cisco.com,Male,247.111.40.238
46,Mark,Bennett,mbennett19@hud.gov,Male,165.236.99.143
47,George,White,gwhite1a@yellowbook.com,Male,151.238.102.177
48,Michelle,Ramirez,mramirez1b@myspace.com,Female,129.228.228.233
49,Sandra,Evans,sevans1c@bloglines.com,Female,228.105.122.76
50,Frances,Gray,fgray1d@soup.io,Female,36.98.166.118
51,Howard,Reed,hreed1e@springer.com,Male,4.158.54.36
52,Irene,Henry,ihenry1f@gov.uk,Female,199.158.17.122
53,Diane,Lawrence,dlawrence1g@cloudflare.com,Female,70.118.120.252
54,Aaron,Burton,aburton1h@qq.com,Male,124.10.225.224
55,Margaret,Allen,mallen1i@jugem.jp,Female,25.110.34.110
56,Pamela,Murphy,pmurphy1j@netlog.com,Female,118.245.75.134
57,Karen,Gilbert,kgilbert1k@creativecommons.org,Female,9.176.239.236
58,Jeremy,Frazier,jfrazier1l@state.tx.us,Male,193.33.187.211
59,Stephen,Rice,srice1m@devhub.com,Male,59.164.85.109
60,Norma,Allen,nallen1n@vimeo.com,Female,9.244.230.22
61,Barbara,Palmer,bpalmer1o@berkeley.edu,Female,2.248.181.97
62,Benjamin,Johnston,bjohnston1p@businessweek.com,Male,162.162.118.89
63,Amy,Martin,amartin1q@shutterfly.com,Female,61.131.249.221
64,Rose,Black,rblack1r@cargocollective.com,Female,33.98.75.75
65,Martha,Hudson,mhudson1s@arizona.edu,Female,41.158.252.20
66,Patricia,Moore,pmoore1t@examiner.com,Female,20.92.252.26
67,Jerry,Duncan,jduncan1u@nih.gov,Male,11.160.1.208
68,Harry,Brown,hbrown1v@uol.com.br,Male,7.73.37.250
69,Jessica,Ray,jray1w@oakley.com,Female,138.229.95.226
70,Carlos,Carpenter,ccarpenter1x@yale.edu,Male,120.24.249.118
71,Janice,Dunn,jdunn1y@hp.com,Female,75.54.214.164
72,Jessica,Gardner,jgardner1z@businesswire.com,Female,93.111.196.169
73,Kathleen,Alexander,kalexander20@comcast.net,Female,167.232.100.105
74,Daniel,Fowler,dfowler21@oracle.com,Male,136.82.164.36
75,Gloria,Campbell,gcampbell22@dot.gov,Female,241.59.131.219
76,Scott,Palmer,spalmer23@virginia.edu,Male,36.217.105.186
77,Paul,Day,pday24@stanford.edu,Male,253.150.152.99
78,Margaret,Fields,mfields25@whitehouse.gov,Female,144.237.16.228
79,Sharon,Coleman,scoleman26@marriott.com,Female,83.176.152.140
80,Marie,Richardson,mrichardson27@360.cn,Female,216.155.29.170
81,Arthur,Snyder,asnyder28@usnews.com,Male,115.207.63.9
82,Eugene,Gardner,egardner29@cbc.ca,Male,226.168.76.127
83,Rebecca,Washington,rwashington2a@google.co.jp,Female,200.232.204.125
84,Elizabeth,Hunt,ehunt2b@admin.ch,Female,165.26.38.42
85,Ronald,Gibson,rgibson2c@zimbio.com,Male,131.171.50.94
86,Julia,Evans,jevans2d@skyrock.com,Female,136.204.238.107
87,Irene,Bradley,ibradley2e@cocolog-nifty.com,Female,70.250.159.13
88,Timothy,Ford,tford2f@smh.com.au,Male,201.18.85.214
89,Margaret,Diaz,mdiaz2g@nature.com,Female,94.219.141.64
90,Ashley,Carter,acarter2h@themeforest.net,Female,143.118.249.25
91,Kenneth,Warren,kwarren2i@ox.ac.uk,Male,70.74.157.167
92,Henry,Jenkins,hjenkins2j@imgur.com,Male,209.225.37.204
93,Melissa,Evans,mevans2k@vistaprint.com,Female,243.17.220.139
94,Janice,Ross,jross2l@discuz.net,Female,12.52.110.23
95,James,Wheeler,jwheeler2m@cafepress.com,Male,71.88.59.155
96,Lawrence,Henderson,lhenderson2n@mtv.com,Male,45.3.11.233
97,Benjamin,Ramos,bramos2o@themeforest.net,Male,233.14.47.144
98,Tina,Duncan,tduncan2p@buzzfeed.com,Female,179.215.5.10
99,Rebecca,King,rking2q@cbc.ca,Female,215.120.63.84
100,Edward,Mills,emills2r@about.me,Male,56.241.208.54
101,Timothy,Palmer,tpalmer2s@ifeng.com,Male,204.86.102.110
102,Martha,Franklin,mfranklin2t@indiatimes.com,Female,65.180.231.162
103,Sandra,Williams,swilliams2u@usa.gov,Female,135.66.142.206
104,Chris,Bradley,cbradley2v@slideshare.net,Male,192.22.127.108
105,Matthew,Ramirez,mramirez2w@skype.com,Male,244.28.212.116
106,Ruth,Kim,rkim2x@ning.com,Female,251.129.72.197
107,Mildred,Coleman,mcoleman2y@sitemeter.com,Female,38.92.45.62
108,Michelle,Woods,mwoods2z@bing.com,Female,0.195.69.159
109,Bobby,Carpenter,bcarpenter30@google.com.au,Male,177.85.60.221
110,Jason,Bowman,jbowman31@oracle.com,Male,153.36.79.128
111,Harold,Wright,hwright32@behance.net,Male,240.56.249.124
112,Lillian,Vasquez,lvasquez33@nifty.com,Female,155.30.100.180
113,Edward,Tucker,etucker34@naver.com,Male,200.0.2.204
114,Raymond,Banks,rbanks35@newsvine.com,Male,136.183.26.172
115,Carlos,Barnes,cbarnes36@webnode.com,Male,53.227.253.22
116,Cynthia,Harris,charris37@kickstarter.com,Female,68.212.136.68
117,Diane,Coleman,dcoleman38@gnu.org,Female,64.210.178.141
118,Stephen,Carr,scarr39@google.ru,Male,143.160.174.197
119,Amy,Gibson,agibson3a@alibaba.com,Female,4.115.247.98
120,Eugene,Graham,egraham3b@meetup.com,Male,245.46.138.116
121,Helen,Ruiz,hruiz3c@yellowbook.com,Female,222.72.156.18
122,Brian,Johnson,bjohnson3d@etsy.com,Male,197.232.248.254
123,Richard,Morgan,rmorgan3e@deliciousdays.com,Male,216.38.112.65
124,Diane,Murray,dmurray3f@sohu.com,Female,241.40.159.89
125,Gloria,Howell,ghowell3g@photobucket.com,Female,204.55.212.11
126,Nancy,Brown,nbrown3h@cam.ac.uk,Female,195.219.112.237
127,Annie,Stone,astone3i@weibo.com,Female,147.215.14.138
128,Joshua,Romero,jromero3j@yellowpages.com,Male,8.59.111.222
129,Samuel,Little,slittle3k@sourceforge.net,Male,8.138.135.136
130,Phyllis,Miller,pmiller3l@newyorker.com,Female,154.208.0.183
131,Laura,Schmidt,lschmidt3m@behance.net,Female,86.119.212.242
132,Russell,Bell,rbell3n@stanford.edu,Male,82.24.165.41
133,Joan,George,jgeorge3o@flavors.me,Female,73.227.103.228
134,Donna,Simmons,dsimmons3p@wordpress.org,Female,137.145.48.57
135,Albert,Owens,aowens3q@noaa.gov,Male,201.18.240.64
136,Janice,Ruiz,jruiz3r@state.tx.us,Female,233.190.180.48
137,Ronald,Carroll,rcarroll3s@dyndns.org,Male,80.154.210.139
138,Melissa,Morrison,mmorrison3t@goo.ne.jp,Female,5.232.127.167
139,Janice,Lane,jlane3u@reverbnation.com,Female,213.56.78.235
140,Beverly,Banks,bbanks3v@yellowbook.com,Female,230.68.41.126
141,Ryan,Hawkins,rhawkins3w@fc2.com,Male,6.90.216.62
142,Earl,Lee,elee3x@webnode.com,Male,209.122.115.191
143,Deborah,Warren,dwarren3y@hubpages.com,Female,165.25.43.11
144,Ronald,Alvarez,ralvarez3z@omniture.com,Male,130.3.18.27
145,Rebecca,Alexander,ralexander40@macromedia.com,Female,163.67.96.0
146,Denise,Sullivan,dsullivan41@netvibes.com,Female,223.114.0.205
147,James,Tucker,jtucker42@sbwire.com,Male,62.72.162.245
148,Amanda,Bailey,abailey43@imageshack.us,Female,117.251.66.247
149,Emily,Hamilton,ehamilton44@ocn.ne.jp,Female,148.163.239.105
150,Phillip,Williamson,pwilliamson45@ucoz.com,Male,219.229.202.159
151,Brenda,Mendoza,bmendoza46@discuz.net,Female,64.250.156.67
152,Cynthia,Reyes,creyes47@dell.com,Female,89.66.118.81
153,Jean,Morgan,jmorgan48@dion.ne.jp,Female,97.98.237.248
154,Stephen,Carpenter,scarpenter49@cornell.edu,Male,43.56.142.252
155,Daniel,Garza,dgarza4a@icq.com,Male,87.31.83.62
156,Carol,Kim,ckim4b@ucoz.ru,Female,248.232.199.76
157,Virginia,Garza,vgarza4c@chicagotribune.com,Female,65.30.86.11
158,Jane,Roberts,jroberts4d@canalblog.com,Female,100.194.114.112
159,Willie,Hamilton,whamilton4e@globo.com,Male,108.17.33.38
160,Michael,Moreno,mmoreno4f@discuz.net,Male,250.23.109.71
161,James,Henderson,jhenderson4g@freewebs.com,Male,32.158.77.30
162,Theresa,Dunn,tdunn4h@wufoo.com,Female,24.81.10.160
163,Diane,Adams,dadams4i@wikimedia.org,Female,179.60.113.180
164,Henry,Frazier,hfrazier4j@berkeley.edu,Male,78.78.66.80
165,Rose,Robertson,rrobertson4k@usatoday.com,Female,181.96.119.171
166,Keith,Oliver,koliver4l@sciencedaily.com,Male,7.135.225.20
167,Ruby,Dean,rdean4m@hud.gov,Female,163.197.110.203
168,Charles,Perkins,cperkins4n@hostgator.com,Male,202.14.39.114
169,Louis,Diaz,ldiaz4o@nature.com,Male,64.101.85.243
170,Lois,Burke,lburke4p@phpbb.com,Female,10.209.79.27
171,Tina,Ellis,tellis4q@noaa.gov,Female,215.121.145.177
172,Peter,Palmer,ppalmer4r@unesco.org,Male,12.42.255.153
173,Brandon,Chapman,bchapman4s@amazonaws.com,Male,255.173.232.68
174,Michelle,Matthews,mmatthews4t@4shared.com,Female,254.89.218.125
175,Janet,Tucker,jtucker4u@deviantart.com,Female,54.18.52.218
176,Steve,Wood,swood4v@epa.gov,Male,182.104.196.62
177,Frank,Nichols,fnichols4w@parallels.com,Male,120.201.227.182
178,Douglas,Tucker,dtucker4x@guardian.co.uk,Male,70.225.199.41
179,Chris,Reyes,creyes4y@columbia.edu,Male,193.244.38.15
180,Margaret,Matthews,mmatthews4z@webs.com,Female,178.190.108.190
181,Larry,Lawrence,llawrence50@cnbc.com,Male,165.70.239.138
182,Rebecca,Ramos,rramos51@scribd.com,Female,17.250.186.245
183,Chris,Lewis,clewis52@is.gd,Male,65.136.205.252
184,Sharon,Ross,sross53@meetup.com,Female,4.51.154.42
185,Juan,Peters,jpeters54@ibm.com,Male,78.201.243.195
186,Joan,Sullivan,jsullivan55@imageshack.us,Female,240.142.171.66
187,Phyllis,George,pgeorge56@statcounter.com,Female,101.92.194.137
188,Dennis,Moore,dmoore57@sakura.ne.jp,Male,242.173.47.179
189,Joshua,Morrison,jmorrison58@behance.net,Male,253.214.206.124
190,Anna,Johnston,ajohnston59@bloglines.com,Female,244.197.181.227
191,Cheryl,Brooks,cbrooks5a@cloudflare.com,Female,3.114.15.58
192,Nancy,Hansen,nhansen5b@hubpages.com,Female,20.140.25.46
193,Carl,Cooper,ccooper5c@blogs.com,Male,215.229.112.148
194,Ryan,Porter,rporter5d@i2i.jp,Male,176.57.191.198
195,Janet,Williams,jwilliams5e@ucoz.ru,Female,150.34.206.43
196,Virginia,Allen,vallen5f@sphinn.com,Female,244.19.22.79
197,Emily,Morales,emorales5g@gravatar.com,Female,3.75.118.53
198,Douglas,Flores,dflores5h@weebly.com,Male,157.103.186.5
199,Jacqueline,Harvey,jharvey5i@digg.com,Female,142.42.126.238
200,Gloria,Jacobs,gjacobs5j@deliciousdays.com,Female,7.227.252.162
201,Dennis,Duncan,dduncan5k@clickbank.net,Male,11.61.24.156
202,Michael,Chapman,mchapman5l@theatlantic.com,Male,229.73.113.92
203,Aaron,Riley,ariley5m@bravesites.com,Male,55.133.221.67
204,Diane,Torres,dtorres5n@tumblr.com,Female,123.206.16.190
205,Robin,Clark,rclark5o@fda.gov,Female,11.159.183.40
206,Terry,Hawkins,thawkins5p@cnbc.com,Male,202.33.211.193
207,Judith,Ward,jward5q@cdc.gov,Female,124.206.199.254
208,Debra,Thompson,dthompson5r@surveymonkey.com,Female,116.100.207.15
209,Paul,Mcdonald,pmcdonald5s@yelp.com,Male,39.26.129.175
210,Annie,Gonzalez,agonzalez5t@biblegateway.com,Female,94.143.139.201
211,Michael,Arnold,marnold5u@telegraph.co.uk,Male,203.138.174.172
212,Gary,Campbell,gcampbell5v@canalblog.com,Male,143.127.45.237
213,Joshua,Cox,jcox5w@acquirethisname.com,Male,164.3.192.50
214,Karen,Ferguson,kferguson5x@wunderground.com,Female,118.226.7.128
215,Paul,Powell,ppowell5y@bandcamp.com,Male,243.77.199.158
216,Keith,Dixon,kdixon5z@wsj.com,Male,236.39.172.146
217,Catherine,Welch,cwelch60@google.co.uk,Female,30.206.78.106
218,Cynthia,Black,cblack61@prlog.org,Female,176.99.160.243
219,Debra,Simmons,dsimmons62@archive.org,Female,244.235.254.185
220,Susan,Romero,sromero63@slideshare.net,Female,69.143.254.232
221,Kevin,Lynch,klynch64@moonfruit.com,Male,224.107.105.255
222,Joe,Richardson,jrichardson65@quantcast.com,Male,147.36.206.221
223,Louise,Perez,lperez66@cpanel.net,Female,198.34.237.152
224,Jack,Coleman,jcoleman67@bandcamp.com,Male,174.191.138.201
225,Dennis,Payne,dpayne68@patch.com,Male,234.144.251.99
226,Lillian,Grant,lgrant69@shop-pro.jp,Female,98.190.54.200
227,Keith,Harrison,kharrison6a@google.ca,Male,90.144.30.136
228,Julia,Lynch,jlynch6b@mozilla.com,Female,164.177.67.20
229,Jimmy,Cox,jcox6c@tripod.com,Male,133.78.234.233
230,Christina,Hansen,chansen6d@slashdot.org,Female,37.48.74.152
231,Phyllis,Carroll,pcarroll6e@php.net,Female,52.122.66.164
232,Donna,Carpenter,dcarpenter6f@wunderground.com,Female,221.207.120.169
233,Lori,Lynch,llynch6g@springer.com,Female,86.105.16.73
234,Sean,Morgan,smorgan6h@qq.com,Male,22.152.25.126
235,Stephen,Collins,scollins6i@ifeng.com,Male,32.37.157.104
236,Angela,Williams,awilliams6j@salon.com,Female,49.60.106.10
237,Michael,Thompson,mthompson6k@biglobe.ne.jp,Male,195.125.64.168
238,Kimberly,Kelley,kkelley6l@reuters.com,Female,224.72.135.189
239,Johnny,Crawford,jcrawford6m@netscape.com,Male,2.244.232.190
240,Juan,Henry,jhenry6n@nyu.edu,Male,13.31.26.203
241,Theresa,Little,tlittle6o@woothemes.com,Female,254.102.162.196
242,Henry,Lane,hlane6p@360.cn,Male,35.128.203.0
243,Catherine,Rose,crose6q@i2i.jp,Female,237.166.59.159
244,Steven,Wells,swells6r@ihg.com,Male,212.48.3.254
245,Heather,Stephens,hstephens6s@dyndns.org,Female,107.62.170.236
246,Irene,Peters,ipeters6t@flickr.com,Female,148.198.37.177
247,Jesse,Wood,jwood6u@cmu.edu,Male,118.40.130.88
248,Frank,Marshall,fmarshall6v@meetup.com,Male,42.216.165.39
249,Nicholas,Hart,nhart6w@marketwatch.com,Male,247.17.1.50
250,Scott,Black,sblack6x@mayoclinic.com,Male,173.97.155.240
251,Andrea,Wheeler,awheeler6y@bandcamp.com,Female,79.115.101.192
252,Sharon,Richardson,srichardson6z@answers.com,Female,19.220.245.158
253,Todd,Fowler,tfowler70@simplemachines.org,Male,82.130.19.229
254,Debra,Crawford,dcrawford71@netlog.com,Female,42.246.31.106
255,Phyllis,Kennedy,pkennedy72@google.co.uk,Female,0.127.68.205
256,Theresa,Foster,tfoster73@sakura.ne.jp,Female,194.7.67.64
257,Donald,Foster,dfoster74@redcross.org,Male,242.23.137.184
258,Susan,Perry,sperry75@naver.com,Female,141.240.254.169
259,Carlos,Cole,ccole76@themeforest.net,Male,222.212.62.99
260,Jimmy,Mitchell,jmitchell77@bloglovin.com,Male,112.176.120.30
261,Mary,Day,mday78@de.vu,Female,55.138.8.238
262,Christopher,Porter,cporter79@twitpic.com,Male,35.70.163.226
263,Patricia,Young,pyoung7a@ihg.com,Female,218.206.226.188
264,Pamela,Evans,pevans7b@goodreads.com,Female,33.113.20.121
265,Carolyn,Garza,cgarza7c@sciencedirect.com,Female,174.201.39.13
266,Sandra,Ellis,sellis7d@ehow.com,Female,38.30.239.202
267,Bonnie,Cunningham,bcunningham7e@infoseek.co.jp,Female,113.171.217.151
268,Alice,Olson,aolson7f@artisteer.com,Female,95.69.31.167
269,Mark,Kim,mkim7g@webeden.co.uk,Male,152.201.72.197
270,Jonathan,Sims,jsims7h@1und1.de,Male,254.199.157.160
271,Frances,Taylor,ftaylor7i@last.fm,Female,192.144.252.188
272,Jason,Medina,jmedina7j@indiatimes.com,Male,221.19.80.11
273,Rose,Burns,rburns7k@google.de,Female,153.222.97.2
274,Gregory,Grant,ggrant7l@nydailynews.com,Male,101.255.14.231
275,Jeffrey,Willis,jwillis7m@flavors.me,Male,150.132.183.111
276,Tina,Hart,thart7n@fastcompany.com,Female,105.56.39.140
277,Ralph,Warren,rwarren7o@howstuffworks.com,Male,223.189.134.113
278,Lillian,Carroll,lcarroll7p@noaa.gov,Female,113.77.242.230
279,Judy,Hamilton,jhamilton7q@comcast.net,Female,179.177.191.146
280,Charles,Reed,creed7r@columbia.edu,Male,3.148.199.52
281,Antonio,Adams,aadams7s@comcast.net,Male,27.42.121.132
282,Ernest,Hansen,ehansen7t@gravatar.com,Male,165.31.112.2
283,Susan,Richards,srichards7u@geocities.jp,Female,65.142.21.85
284,Louis,Nelson,lnelson7v@homestead.com,Male,164.223.67.192
285,Barbara,Carter,bcarter7w@storify.com,Female,106.127.20.121
286,Robin,Chavez,rchavez7x@admin.ch,Female,153.26.203.40
287,Brian,Hill,bhill7y@woothemes.com,Male,245.34.152.185
288,Betty,Ortiz,bortiz7z@acquirethisname.com,Female,242.124.214.133
289,Diana,Mendoza,dmendoza80@sakura.ne.jp,Female,16.224.92.9
290,Doris,Ross,dross81@dropbox.com,Female,19.152.202.61
291,Frank,Long,flong82@samsung.com,Male,43.91.158.59
292,Marie,Long,mlong83@fastcompany.com,Female,31.149.197.252
293,Shirley,Wells,swells84@ocn.ne.jp,Female,223.20.32.173
294,Douglas,Flores,dflores85@cbc.ca,Male,53.221.46.193
295,Laura,Moore,lmoore86@spiegel.de,Female,227.159.39.129
296,Lisa,Ferguson,lferguson87@si.edu,Female,177.10.40.191
297,Craig,Howard,choward88@theglobeandmail.com,Male,222.69.235.71
298,Carolyn,Hughes,chughes89@qq.com,Female,146.90.125.181
299,Debra,Montgomery,dmontgomery8a@answers.com,Female,162.99.130.110
300,George,Ferguson,gferguson8b@shareasale.com,Male,43.15.78.30
301,Joan,Taylor,jtaylor8c@umn.edu,Female,132.161.144.200
302,Earl,Hanson,ehanson8d@cnet.com,Male,220.132.185.25
303,Aaron,Bishop,abishop8e@eventbrite.com,Male,83.222.39.18
304,Laura,Reid,lreid8f@wiley.com,Female,89.64.62.215
305,Terry,Simpson,tsimpson8g@gmpg.org,Male,26.82.179.146
306,Stephanie,Watson,swatson8h@rakuten.co.jp,Female,187.132.45.235
307,Benjamin,Peters,bpeters8i@un.org,Male,198.187.132.94
308,Amanda,Henry,ahenry8j@whitehouse.gov,Female,81.119.114.199
309,Frank,Scott,fscott8k@nationalgeographic.com,Male,63.139.200.150
310,John,Alvarez,jalvarez8l@istockphoto.com,Male,48.248.197.82
311,Robin,Morris,rmorris8m@fema.gov,Female,92.94.187.235
312,Kathleen,Johnston,kjohnston8n@yellowbook.com,Female,83.102.17.180
313,Pamela,Hanson,phanson8o@ovh.net,Female,126.144.238.180
314,Margaret,Carr,mcarr8p@google.pl,Female,201.6.2.39
315,Justin,Griffin,jgriffin8q@guardian.co.uk,Male,128.141.114.217
316,Harry,Miller,hmiller8r@dailymail.co.uk,Male,42.98.112.10
317,Earl,Reed,ereed8s@sfgate.com,Male,176.8.185.160
318,Katherine,Walker,kwalker8t@theguardian.com,Female,142.153.107.205
319,Phillip,Henry,phenry8u@fastcompany.com,Male,142.149.233.51
320,Elizabeth,Patterson,epatterson8v@yahoo.co.jp,Female,115.193.77.124
321,Phillip,Simmons,psimmons8w@nymag.com,Male,139.192.37.145
322,Dorothy,Adams,dadams8x@tinypic.com,Female,199.110.100.228
323,Chris,Miller,cmiller8y@psu.edu,Male,134.140.108.172
324,Angela,Spencer,aspencer8z@wsj.com,Female,37.133.136.227
325,Juan,Spencer,jspencer90@businessinsider.com,Male,212.114.168.19
326,Russell,Spencer,rspencer91@sfgate.com,Male,169.156.164.2
327,Louis,Jacobs,ljacobs92@smugmug.com,Male,127.189.196.63
328,Philip,Taylor,ptaylor93@google.de,Male,238.74.167.227
329,Denise,Lopez,dlopez94@whitehouse.gov,Female,61.79.193.250
330,Joan,Snyder,jsnyder95@ovh.net,Female,76.110.8.214
331,Fred,Robinson,frobinson96@exblog.jp,Male,10.103.25.203
332,Andrea,Allen,aallen97@usa.gov,Female,186.134.245.113
333,Lillian,Allen,lallen98@buzzfeed.com,Female,130.7.18.49
334,Clarence,Arnold,carnold99@angelfire.com,Male,124.160.220.233
335,Betty,Harris,bharris9a@ustream.tv,Female,128.128.74.20
336,Paula,Dunn,pdunn9b@wikia.com,Female,126.31.159.207
337,Michelle,Reid,mreid9c@chronoengine.com,Female,248.96.144.133
338,Jack,Pierce,jpierce9d@amazon.co.jp,Male,139.2.100.113
339,Jessica,Ramirez,jramirez9e@bloglovin.com,Female,38.140.217.171
340,Jesse,Jacobs,jjacobs9f@networkadvertising.org,Male,214.6.62.250
341,Michelle,Perkins,mperkins9g@spiegel.de,Female,137.216.230.102
342,Lillian,Coleman,lcoleman9h@google.de,Female,7.184.244.193
343,Karen,Hill,khill9i@harvard.edu,Female,106.86.131.138
344,Jimmy,Ortiz,jortiz9j@umich.edu,Male,26.232.226.63
345,Louis,King,lking9k@time.com,Male,73.32.40.0
346,Doris,Howell,dhowell9l@live.com,Female,87.120.106.202
347,Gary,Porter,gporter9m@webeden.co.uk,Male,200.30.25.21
348,Sandra,Carpenter,scarpenter9n@independent.co.uk,Female,137.90.200.248
349,Kenneth,Holmes,kholmes9o@eepurl.com,Male,31.220.105.100
350,Kevin,Washington,kwashington9p@dailymotion.com,Male,255.163.88.134
351,Ashley,Kelly,akelly9q@unicef.org,Female,84.231.191.249
352,Ashley,Kelley,akelley9r@dedecms.com,Female,82.12.135.30
353,Karen,Campbell,kcampbell9s@wikia.com,Female,126.57.109.109
354,Kelly,Williams,kwilliams9t@geocities.com,Female,183.143.34.60
355,Janet,Reid,jreid9u@prnewswire.com,Female,117.48.155.186
356,Chris,Dixon,cdixon9v@usgs.gov,Male,232.32.213.16
357,Stephen,Crawford,scrawford9w@virginia.edu,Male,224.173.124.201
358,Joyce,Bennett,jbennett9x@gizmodo.com,Female,151.166.45.142
359,Catherine,Wilson,cwilson9y@google.com,Female,126.116.165.91
360,Sandra,Perkins,sperkins9z@skyrock.com,Female,223.229.96.186
361,Jennifer,Robertson,jrobertsona0@wordpress.com,Female,51.62.51.241
362,Jessica,Marshall,jmarshalla1@typepad.com,Female,151.10.224.125
363,Philip,Spencer,pspencera2@elegantthemes.com,Male,127.228.130.250
364,Gregory,Walker,gwalkera3@tuttocitta.it,Male,105.149.235.255
365,Russell,Hawkins,rhawkinsa4@imdb.com,Male,143.109.170.123
366,Maria,Nelson,mnelsona5@europa.eu,Female,93.158.131.185
367,George,Watson,gwatsona6@odnoklassniki.ru,Male,21.148.145.148
368,Amanda,Castillo,acastilloa7@newsvine.com,Female,232.45.1.7
369,Brenda,Gibson,bgibsona8@cam.ac.uk,Female,109.147.249.219
370,Pamela,Dixon,pdixona9@google.it,Female,213.52.117.212
371,Phillip,Chavez,pchavezaa@clickbank.net,Male,150.6.181.177
372,Alice,Ray,arayab@bloglines.com,Female,230.165.0.84
373,Aaron,Barnes,abarnesac@amazon.co.jp,Male,100.19.218.169
374,Albert,Oliver,aoliverad@spotify.com,Male,106.130.206.212
375,Lois,Baker,lbakerae@goo.gl,Female,124.159.243.23
376,Kathy,Lopez,klopezaf@sohu.com,Female,214.92.154.49
377,Eugene,Cruz,ecruzag@liveinternet.ru,Male,51.152.235.64
378,Todd,Jackson,tjacksonah@edublogs.org,Male,30.229.104.34
379,Virginia,Rivera,vriveraai@army.mil,Female,198.40.249.141
380,Theresa,Payne,tpayneaj@nps.gov,Female,11.62.74.9
381,Catherine,Dunn,cdunnak@smugmug.com,Female,117.73.178.162
382,Diana,Cox,dcoxal@apache.org,Female,29.6.71.252
383,David,Butler,dbutleram@squarespace.com,Male,39.8.150.242
384,Ernest,Burns,eburnsan@indiegogo.com,Male,211.210.110.250
385,Bobby,Reynolds,breynoldsao@wordpress.org,Male,30.28.29.129
386,Donna,Elliott,delliottap@com.com,Female,135.197.13.129
387,Bonnie,Kim,bkimaq@seattletimes.com,Female,47.103.146.176
388,Antonio,Ramirez,aramirezar@indiatimes.com,Male,50.217.104.162
389,Amanda,Warren,awarrenas@dagondesign.com,Female,120.23.73.231
390,Rachel,Little,rlittleat@jugem.jp,Female,133.177.140.101
391,Martin,Spencer,mspencerau@ning.com,Male,246.69.134.172
392,Bruce,Berry,bberryav@toplist.cz,Male,244.194.206.156
393,Ashley,Morris,amorrisaw@mozilla.com,Female,47.12.116.9
394,Matthew,Perkins,mperkinsax@storify.com,Male,91.57.194.164
395,Bonnie,Parker,bparkeray@infoseek.co.jp,Female,142.3.118.44
396,Jennifer,Murray,jmurrayaz@wufoo.com,Female,242.225.1.32
397,William,Ray,wrayb0@tripadvisor.com,Male,154.74.49.94
398,Robert,Rodriguez,rrodriguezb1@freewebs.com,Male,222.131.20.164
399,Louis,Garza,lgarzab2@about.com,Male,247.120.28.115
400,Jonathan,Gomez,jgomezb3@123-reg.co.uk,Male,72.241.240.191
401,Mark,Garrett,mgarrettb4@nsw.gov.au,Male,229.41.88.75
402,Jacqueline,Gomez,jgomezb5@scientificamerican.com,Female,42.195.81.97
403,Marie,Griffin,mgriffinb6@skyrock.com,Female,2.164.45.26
404,Carolyn,Carpenter,ccarpenterb7@theguardian.com,Female,32.187.134.170
405,Ruth,Shaw,rshawb8@e-recht24.de,Female,175.188.137.128
406,Julia,White,jwhiteb9@google.co.jp,Female,62.143.36.35
407,Walter,Gordon,wgordonba@goo.ne.jp,Male,197.122.106.43
408,Eric,Mitchell,emitchellbb@archive.org,Male,135.166.25.8
409,Denise,Shaw,dshawbc@sciencedirect.com,Female,96.232.218.244
410,Nicole,Peters,npetersbd@oakley.com,Female,100.78.174.205
411,Jessica,Fox,jfoxbe@themeforest.net,Female,20.73.166.235
412,Christina,Reyes,creyesbf@wired.com,Female,30.77.147.211
413,Ralph,Flores,rfloresbg@slideshare.net,Male,245.67.169.148
414,Carl,Simmons,csimmonsbh@altervista.org,Male,164.86.146.88
415,Brenda,Martinez,bmartinezbi@mozilla.com,Female,49.157.252.215
416,William,Phillips,wphillipsbj@t.co,Male,46.181.190.26
417,Pamela,Alexander,palexanderbk@myspace.com,Female,236.210.153.155
418,Elizabeth,Martin,emartinbl@kickstarter.com,Female,112.171.120.85
419,Robin,Chapman,rchapmanbm@quantcast.com,Female,209.86.194.111
420,Maria,Duncan,mduncanbn@symantec.com,Female,39.11.22.96
421,Peter,Vasquez,pvasquezbo@webmd.com,Male,77.156.194.100
422,Tina,Hudson,thudsonbp@squidoo.com,Female,133.5.51.78
423,Brandon,Murphy,bmurphybq@nbcnews.com,Male,149.206.224.2
424,Christina,Ross,crossbr@ftc.gov,Female,165.150.144.57
425,Craig,Roberts,crobertsbs@epa.gov,Male,232.203.239.248
426,Donna,Moore,dmoorebt@home.pl,Female,174.31.172.216
427,Lois,Reid,lreidbu@blogspot.com,Female,230.2.98.106
428,Harold,Willis,hwillisbv@creativecommons.org,Male,182.211.162.214
429,Todd,Sanders,tsandersbw@tamu.edu,Male,114.49.5.31
430,Phillip,Lee,pleebx@comcast.net,Male,78.109.231.228
431,Jonathan,Lane,jlaneby@parallels.com,Male,205.57.127.44
432,Todd,Grant,tgrantbz@hud.gov,Male,108.250.157.105
433,Amanda,Perkins,aperkinsc0@hp.com,Female,249.206.240.224
434,Frank,Palmer,fpalmerc1@friendfeed.com,Male,173.253.35.244
435,Alan,Ryan,aryanc2@hud.gov,Male,221.166.148.6
436,Howard,Rice,hricec3@sohu.com,Male,10.103.189.234
437,Ashley,Lewis,alewisc4@goo.gl,Female,71.77.255.177
438,Julia,Banks,jbanksc5@deliciousdays.com,Female,98.65.121.112
439,Jean,Peterson,jpetersonc6@fema.gov,Female,62.137.202.196
440,Evelyn,Ross,erossc7@trellian.com,Female,138.155.215.140
441,Judy,Bennett,jbennettc8@bing.com,Female,8.38.107.134
442,Brandon,Adams,badamsc9@ucla.edu,Male,187.153.143.54
443,Douglas,King,dkingca@chicagotribune.com,Male,42.38.162.95
444,Janice,Miller,jmillercb@squarespace.com,Female,211.83.226.27
445,Jacqueline,Bowman,jbowmancc@t-online.de,Female,101.84.54.203
446,Jerry,Wagner,jwagnercd@bloglines.com,Male,94.118.125.93
447,Julia,Hanson,jhansonce@mozilla.org,Female,16.133.41.124
448,Louis,Carpenter,lcarpentercf@canalblog.com,Male,161.237.83.173
449,Alan,Harvey,aharveycg@japanpost.jp,Male,104.252.44.111
450,Judith,George,jgeorgech@pbs.org,Female,65.252.251.68
451,Ernest,Ford,efordci@army.mil,Male,18.167.209.106
452,Adam,Smith,asmithcj@netvibes.com,Male,177.48.106.142
453,Robin,Kim,rkimck@zimbio.com,Female,33.100.32.90
454,Kenneth,Lewis,klewiscl@dmoz.org,Male,16.176.195.124
455,Julie,Long,jlongcm@arizona.edu,Female,72.91.31.47
456,Catherine,Kennedy,ckennedycn@ustream.tv,Female,122.192.179.109
457,Emily,Rivera,eriveraco@pbs.org,Female,225.164.173.184
458,Justin,Moreno,jmorenocp@xinhuanet.com,Male,0.219.14.1
459,Daniel,Alvarez,dalvarezcq@nymag.com,Male,148.126.254.17
460,Heather,Alvarez,halvarezcr@xinhuanet.com,Female,42.98.64.54
461,Jason,Stevens,jstevenscs@behance.net,Male,108.167.115.69
462,Brandon,Morrison,bmorrisonct@dmoz.org,Male,163.7.101.111
463,Antonio,Snyder,asnydercu@cafepress.com,Male,18.21.79.115
464,Frank,Thompson,fthompsoncv@networksolutions.com,Male,88.17.172.252
465,Mary,Reed,mreedcw@pen.io,Female,103.240.73.179
466,Jean,Peters,jpeterscx@admin.ch,Female,143.5.163.12
467,Marilyn,Morgan,mmorgancy@samsung.com,Female,214.223.175.238
468,Dennis,Henry,dhenrycz@cnn.com,Male,212.17.31.179
469,Alice,Hanson,ahansond0@opensource.org,Female,113.29.96.178
470,John,Oliver,joliverd1@stanford.edu,Male,5.190.3.39
471,Scott,Taylor,staylord2@blogtalkradio.com,Male,198.199.83.111
472,Doris,Jordan,djordand3@simplemachines.org,Female,71.52.121.141
473,Eugene,George,egeorged4@latimes.com,Male,191.135.192.98
474,Patrick,Chavez,pchavezd5@about.me,Male,177.80.26.11
475,Teresa,Edwards,tedwardsd6@kickstarter.com,Female,191.87.86.6
476,Janice,Andrews,jandrewsd7@sakura.ne.jp,Female,82.17.147.81
477,Clarence,Watkins,cwatkinsd8@ehow.com,Male,131.83.153.233
478,Diane,Powell,dpowelld9@ihg.com,Female,74.164.92.253
479,Walter,Boyd,wboydda@timesonline.co.uk,Male,230.40.217.7
480,Janet,Greene,jgreenedb@cmu.edu,Female,185.228.34.82
481,Christopher,Weaver,cweaverdc@blogs.com,Male,64.7.228.73
482,Charles,Torres,ctorresdd@amazon.de,Male,134.60.49.245
483,Nancy,Pierce,npiercede@discovery.com,Female,140.33.220.16
484,Janice,Cruz,jcruzdf@pen.io,Female,108.54.40.50
485,Kathy,Hall,khalldg@shinystat.com,Female,39.115.187.216
486,Mark,Wilson,mwilsondh@deviantart.com,Male,88.225.71.72
487,Sean,Murray,smurraydi@deviantart.com,Male,77.126.216.122
488,Henry,Olson,holsondj@ow.ly,Male,198.40.245.135
489,Russell,Shaw,rshawdk@umn.edu,Male,32.102.139.23
490,Gloria,Perkins,gperkinsdl@marriott.com,Female,227.7.26.211
491,John,Jones,jjonesdm@360.cn,Male,247.224.126.191
492,Julia,Rivera,jriveradn@ebay.co.uk,Female,128.201.42.18
493,Jacqueline,Duncan,jduncando@prnewswire.com,Female,35.100.238.88
494,Kelly,Long,klongdp@forbes.com,Female,80.1.87.107
495,Kathryn,Simpson,ksimpsondq@hibu.com,Female,92.205.226.182
496,Christopher,Williamson,cwilliamsondr@taobao.com,Male,207.33.28.85
497,Samuel,Scott,sscottds@un.org,Male,247.149.55.111
498,Carl,Simmons,csimmonsdt@msu.edu,Male,51.234.185.253
499,Arthur,Torres,atorresdu@icio.us,Male,19.92.96.97
500,Susan,Mcdonald,smcdonalddv@nymag.com,Female,139.33.82.101
501,Carlos,Sims,csimsdw@shop-pro.jp,Male,184.94.59.33
502,Margaret,Mills,mmillsdx@psu.edu,Female,212.101.50.183
503,Stephen,Thompson,sthompsondy@trellian.com,Male,131.28.114.227
504,Keith,Tucker,ktuckerdz@edublogs.org,Male,174.34.226.238
505,Carl,Hart,charte0@oracle.com,Male,167.17.254.218
506,Deborah,Ortiz,dortize1@taobao.com,Female,70.83.93.87
507,Marilyn,Perry,mperrye2@jalbum.net,Female,192.85.109.192
508,Jessica,Alexander,jalexandere3@surveymonkey.com,Female,166.202.31.143
509,Melissa,Rogers,mrogerse4@vistaprint.com,Female,250.147.216.222
510,Kenneth,Sims,ksimse5@furl.net,Male,64.56.145.180
511,Edward,Williamson,ewilliamsone6@sitemeter.com,Male,229.148.223.196
512,Ruth,Carpenter,rcarpentere7@google.com,Female,23.84.39.139
513,Virginia,Rose,vrosee8@imdb.com,Female,195.126.65.123
514,Dennis,Kim,dkime9@multiply.com,Male,40.202.10.247
515,Robert,Porter,rporterea@shinystat.com,Male,61.40.171.191
516,Julie,Ford,jfordeb@state.tx.us,Female,247.158.254.246
517,Pamela,Mcdonald,pmcdonaldec@columbia.edu,Female,171.145.179.210
518,Theresa,Brooks,tbrooksed@foxnews.com,Female,32.28.80.217
519,Barbara,Lynch,blynchee@cargocollective.com,Female,24.44.59.226
520,Jonathan,Bailey,jbaileyef@bloglovin.com,Male,94.220.113.224
521,Harry,Schmidt,hschmidteg@stumbleupon.com,Male,12.66.73.205
522,Anthony,Ferguson,afergusoneh@zimbio.com,Male,225.13.22.246
523,Daniel,Washington,dwashingtonei@businessweek.com,Male,150.187.157.49
524,Linda,Cooper,lcooperej@buzzfeed.com,Female,99.150.37.99
525,Christine,Snyder,csnyderek@indiatimes.com,Female,109.96.28.9
526,Scott,Baker,sbakerel@techcrunch.com,Male,13.87.30.40
527,Lisa,Rose,lroseem@vk.com,Female,185.164.178.83
528,Angela,West,awesten@delicious.com,Female,87.141.0.224
529,Lori,Carr,lcarreo@constantcontact.com,Female,240.173.225.37
530,Doris,Hunter,dhunterep@senate.gov,Female,67.142.81.223
531,Jack,West,jwesteq@wikimedia.org,Male,227.228.33.62
532,Lillian,Gordon,lgordoner@blog.com,Female,207.59.177.209
533,Teresa,Carpenter,tcarpenteres@1688.com,Female,7.55.231.59
534,Susan,Gordon,sgordonet@mapy.cz,Female,59.33.56.56
535,Linda,Ward,lwardeu@t-online.de,Female,40.71.162.94
536,Bonnie,Henderson,bhendersonev@simplemachines.org,Female,158.101.221.83
537,Jean,Payne,jpayneew@shutterfly.com,Female,255.54.118.161
538,Denise,Little,dlittleex@skyrock.com,Female,128.173.57.166
539,Louise,Carr,lcarrey@blogger.com,Female,209.212.136.242
540,Theresa,Hall,thallez@oaic.gov.au,Female,62.69.150.66
541,Ronald,Nelson,rnelsonf0@cbslocal.com,Male,48.173.42.164
542,Timothy,Rose,trosef1@globo.com,Male,54.90.73.179
543,Albert,Wells,awellsf2@aboutads.info,Male,163.71.45.45
544,Donald,Reynolds,dreynoldsf3@slideshare.net,Male,145.211.53.244
545,Janice,Baker,jbakerf4@newyorker.com,Female,81.107.226.198
546,Cynthia,Arnold,carnoldf5@mail.ru,Female,65.235.5.199
547,Kelly,Moore,kmooref6@theguardian.com,Female,68.188.81.87
548,Arthur,Greene,agreenef7@nymag.com,Male,70.11.158.181
549,Jason,Harper,jharperf8@smh.com.au,Male,97.147.9.176
550,Frances,Russell,frussellf9@timesonline.co.uk,Female,205.130.137.43
551,Norma,Little,nlittlefa@discovery.com,Female,145.254.217.68
552,Raymond,Nichols,rnicholsfb@discuz.net,Male,228.207.193.148
553,Russell,Flores,rfloresfc@fastcompany.com,Male,63.65.127.37
554,Anna,Martin,amartinfd@oakley.com,Female,82.3.121.179
555,Wanda,Ray,wrayfe@stanford.edu,Female,173.175.125.206
556,Rachel,Mitchell,rmitchellff@1und1.de,Female,90.101.18.176
557,Linda,Harvey,lharveyfg@upenn.edu,Female,62.150.247.236
558,Janice,Walker,jwalkerfh@chronoengine.com,Female,228.142.229.175
559,Ruby,Reynolds,rreynoldsfi@dot.gov,Female,118.66.203.3
560,Karen,Murphy,kmurphyfj@mediafire.com,Female,8.86.146.173
561,Marilyn,Scott,mscottfk@yellowpages.com,Female,185.5.251.161
562,Jennifer,Smith,jsmithfl@va.gov,Female,205.218.43.241
563,Ryan,Mccoy,rmccoyfm@mit.edu,Male,39.111.184.203
564,Diane,Gomez,dgomezfn@nationalgeographic.com,Female,199.242.117.144
565,Albert,Wells,awellsfo@pbs.org,Male,116.164.250.54
566,Kathy,Mason,kmasonfp@drupal.org,Female,40.237.33.245
567,Amanda,Stanley,astanleyfq@nih.gov,Female,136.210.87.213
568,Ann,Adams,aadamsfr@godaddy.com,Female,27.233.250.206
569,Christopher,Moore,cmoorefs@go.com,Male,131.43.126.7
570,Sean,Ruiz,sruizft@umn.edu,Male,174.72.213.148
571,Bobby,Snyder,bsnyderfu@japanpost.jp,Male,123.184.235.27
572,Louis,Lee,lleefv@businessweek.com,Male,180.13.217.60
573,Sean,Evans,sevansfw@freewebs.com,Male,245.140.71.169
574,Lisa,Hayes,lhayesfx@cnet.com,Female,74.116.137.175
575,Nicole,Reynolds,nreynoldsfy@zimbio.com,Female,66.108.255.245
576,Eugene,Rogers,erogersfz@weather.com,Male,179.16.252.244
577,Catherine,Martinez,cmartinezg0@aol.com,Female,151.225.104.53
578,Craig,Banks,cbanksg1@wix.com,Male,5.172.55.149
579,Karen,Peterson,kpetersong2@vinaora.com,Female,247.121.188.93
580,Charles,Washington,cwashingtong3@spiegel.de,Male,9.18.202.233
581,Marilyn,Hamilton,mhamiltong4@phoca.cz,Female,45.61.50.131
582,Ruby,Sanders,rsandersg5@sakura.ne.jp,Female,104.184.236.218
583,Steven,Ellis,sellisg6@ifeng.com,Male,125.85.116.8
584,Thomas,Martin,tmarting7@instagram.com,Male,5.249.219.100
585,Judy,Fowler,jfowlerg8@who.int,Female,166.111.141.74
586,Philip,Cooper,pcooperg9@fotki.com,Male,178.184.169.128
587,Joe,Henry,jhenryga@bloomberg.com,Male,173.238.114.237
588,Daniel,Howard,dhowardgb@dropbox.com,Male,145.18.235.139
589,Betty,Fernandez,bfernandezgc@purevolume.com,Female,77.42.27.192
590,Justin,Gonzalez,jgonzalezgd@t-online.de,Male,215.123.66.154
591,Jacqueline,James,jjamesge@home.pl,Female,196.131.215.230
592,Margaret,Palmer,mpalmergf@springer.com,Female,210.242.170.111
593,Samuel,Freeman,sfreemangg@google.es,Male,203.236.94.96
594,Nancy,Fowler,nfowlergh@tuttocitta.it,Female,146.156.19.114
595,Kathleen,Sanders,ksandersgi@theglobeandmail.com,Female,19.71.131.246
596,Jack,Ellis,jellisgj@ow.ly,Male,98.24.75.72
597,Kathy,Carpenter,kcarpentergk@ehow.com,Female,41.255.229.230
598,Ruth,Washington,rwashingtongl@google.co.uk,Female,92.61.87.228
599,Jason,Holmes,jholmesgm@google.co.jp,Male,77.227.159.229
600,Nicole,Henry,nhenrygn@lulu.com,Female,130.124.13.220
601,Antonio,Bell,abellgo@bing.com,Male,138.185.18.7
602,Nicholas,Kelly,nkellygp@people.com.cn,Male,153.111.219.85
603,Willie,Lopez,wlopezgq@fastcompany.com,Male,208.96.4.204
604,Roger,White,rwhitegr@pagesperso-orange.fr,Male,144.99.104.21
605,William,Graham,wgrahamgs@hp.com,Male,243.36.202.245
606,Robin,Diaz,rdiazgt@umn.edu,Female,223.171.4.246
607,Martin,Murphy,mmurphygu@google.co.jp,Male,233.158.194.44
608,Joyce,Greene,jgreenegv@dion.ne.jp,Female,103.174.69.198
609,Jennifer,Turner,jturnergw@symantec.com,Female,228.114.131.96
610,Lisa,Bailey,lbaileygx@istockphoto.com,Female,60.44.4.77
611,Judy,Ortiz,jortizgy@foxnews.com,Female,148.56.149.112
612,Michael,Parker,mparkergz@alexa.com,Male,211.71.211.79
613,Joan,Howard,jhowardh0@google.nl,Female,45.124.239.179
614,Irene,Turner,iturnerh1@jimdo.com,Female,202.138.118.126
615,Randy,Nguyen,rnguyenh2@acquirethisname.com,Male,179.83.126.19
616,Matthew,Powell,mpowellh3@europa.eu,Male,149.151.220.142
617,Stephen,Lane,slaneh4@wiley.com,Male,114.20.1.14
618,Diana,Fox,dfoxh5@gizmodo.com,Female,85.215.222.79
619,George,West,gwesth6@list-manage.com,Male,208.67.71.245
620,Christopher,Martin,cmartinh7@japanpost.jp,Male,210.188.241.102
621,Arthur,Green,agreenh8@mozilla.org,Male,19.185.136.86
622,James,Hudson,jhudsonh9@gmpg.org,Male,8.198.242.170
623,Wanda,Snyder,wsnyderha@usa.gov,Female,119.31.71.173
624,Matthew,Long,mlonghb@microsoft.com,Male,220.111.99.75
625,Gregory,Reid,greidhc@statcounter.com,Male,1.94.189.112
626,Joseph,Payne,jpaynehd@51.la,Male,127.248.230.111
627,Howard,Howell,hhowellhe@artisteer.com,Male,23.134.25.172
628,Ruby,Fuller,rfullerhf@scientificamerican.com,Female,124.83.37.40
629,Louise,Meyer,lmeyerhg@seattletimes.com,Female,35.131.115.233
630,Kenneth,Allen,kallenhh@dion.ne.jp,Male,169.5.91.103
631,Linda,Palmer,lpalmerhi@cmu.edu,Female,173.128.177.124
632,Larry,Chavez,lchavezhj@paginegialle.it,Male,131.79.244.49
633,Eugene,Howell,ehowellhk@smugmug.com,Male,147.239.41.213
634,Sara,Franklin,sfranklinhl@jalbum.net,Female,106.106.215.74
635,Patricia,Lawrence,plawrencehm@technorati.com,Female,22.184.253.133
636,Gary,Butler,gbutlerhn@comsenz.com,Male,222.208.132.130
637,Joan,Hicks,jhicksho@csmonitor.com,Female,220.119.249.133
638,Jack,Murphy,jmurphyhp@imdb.com,Male,205.205.229.103
639,Louise,Robertson,lrobertsonhq@ustream.tv,Female,154.114.210.227
640,Kathleen,Sanchez,ksanchezhr@blogtalkradio.com,Female,71.214.202.212
641,Virginia,Simmons,vsimmonshs@nhs.uk,Female,137.202.111.177
642,Marilyn,Pierce,mpierceht@gizmodo.com,Female,228.185.160.236
643,Shirley,Matthews,smatthewshu@phoca.cz,Female,218.8.95.45
644,Scott,Gray,sgrayhv@stumbleupon.com,Male,217.33.242.234
645,Lois,Thompson,lthompsonhw@trellian.com,Female,165.217.58.220
646,Jerry,Woods,jwoodshx@bbc.co.uk,Male,197.72.190.155
647,Jacqueline,West,jwesthy@joomla.org,Female,215.85.151.55
648,Alice,Simpson,asimpsonhz@ft.com,Female,226.80.186.172
649,Aaron,Holmes,aholmesi0@icio.us,Male,52.23.152.135
650,Steve,Carter,scarteri1@163.com,Male,102.184.74.93
651,Mildred,Ramirez,mramirezi2@e-recht24.de,Female,211.211.8.15
652,Maria,Medina,mmedinai3@google.ru,Female,100.172.68.109
653,Jason,Frazier,jfrazieri4@webs.com,Male,5.216.134.143
654,Jacqueline,Watson,jwatsoni5@japanpost.jp,Female,185.245.250.190
655,David,Scott,dscotti6@icq.com,Male,74.114.119.199
656,Fred,Perez,fperezi7@liveinternet.ru,Male,113.190.161.217
657,Justin,Jones,jjonesi8@google.it,Male,156.101.157.128
658,Karen,Marshall,kmarshalli9@mozilla.com,Female,156.61.145.64
659,Roy,Kelley,rkelleyia@youtu.be,Male,108.65.173.177
660,David,Price,dpriceib@e-recht24.de,Male,222.119.229.36
661,Dorothy,Webb,dwebbic@unc.edu,Female,20.136.45.182
662,Jimmy,Johnson,jjohnsonid@example.com,Male,195.58.207.100
663,Stephanie,Mccoy,smccoyie@harvard.edu,Female,57.137.56.12
664,Harold,Hayes,hhayesif@oracle.com,Male,231.19.78.198
665,Rebecca,Lewis,rlewisig@vinaora.com,Female,176.127.224.170
666,Todd,Fisher,tfisherih@reddit.com,Male,65.33.147.190
667,Tina,Medina,tmedinaii@auda.org.au,Female,250.142.54.192
668,Jennifer,Miller,jmillerij@unesco.org,Female,68.129.63.48
669,Paula,Cooper,pcooperik@stumbleupon.com,Female,102.216.158.38
670,Mary,Cunningham,mcunninghamil@usatoday.com,Female,57.101.207.57
671,Kevin,Wood,kwoodim@wsj.com,Male,35.190.30.23
672,Brandon,Cooper,bcooperin@aol.com,Male,5.188.140.186
673,Barbara,Hill,bhillio@nature.com,Female,48.22.245.57
674,Ann,Wood,awoodip@wsj.com,Female,107.213.120.138
675,Lois,Torres,ltorresiq@hugedomains.com,Female,59.1.137.205
676,Gary,Thompson,gthompsonir@ucoz.com,Male,55.26.135.113
677,Elizabeth,Carpenter,ecarpenteris@umn.edu,Female,191.18.94.234
678,Dorothy,Griffin,dgriffinit@tmall.com,Female,189.214.145.192
679,Kelly,George,kgeorgeiu@tumblr.com,Female,122.234.38.163
680,Henry,Burns,hburnsiv@purevolume.com,Male,68.178.36.204
681,Barbara,Carroll,bcarrolliw@youtu.be,Female,163.100.243.178
682,Ruth,Ramirez,rramirezix@mysql.com,Female,57.84.215.143
683,Johnny,Jenkins,jjenkinsiy@netvibes.com,Male,110.20.86.13
684,Rachel,Thomas,rthomasiz@plala.or.jp,Female,193.206.216.67
685,Timothy,Washington,twashingtonj0@cbsnews.com,Male,31.5.84.158
686,Lois,Stephens,lstephensj1@chronoengine.com,Female,148.224.93.73
687,Frank,Perry,fperryj2@bloglovin.com,Male,255.179.46.228
688,Kathryn,Long,klongj3@geocities.jp,Female,194.95.142.162
689,Christina,Carter,ccarterj4@gmpg.org,Female,82.56.164.161
690,Katherine,Armstrong,karmstrongj5@nba.com,Female,36.118.219.140
691,Robert,Romero,rromeroj6@purevolume.com,Male,241.214.202.70
692,Joseph,Gonzales,jgonzalesj7@kickstarter.com,Male,175.46.69.172
693,Jane,Robinson,jrobinsonj8@latimes.com,Female,251.144.223.89
694,Carlos,Tucker,ctuckerj9@examiner.com,Male,87.120.89.178
695,Rachel,Arnold,rarnoldja@geocities.jp,Female,111.233.197.131
696,Earl,Carpenter,ecarpenterjb@phoca.cz,Male,162.10.68.90
697,Edward,Perez,eperezjc@bbc.co.uk,Male,160.13.196.208
698,Samuel,Dixon,sdixonjd@cornell.edu,Male,6.239.142.230
699,Ruby,Reid,rreidje@ifeng.com,Female,80.255.42.69
700,Martha,Sullivan,msullivanjf@engadget.com,Female,243.157.247.9
701,Amanda,Smith,asmithjg@altervista.org,Female,111.114.58.94
702,Henry,Sims,hsimsjh@free.fr,Male,59.226.152.187
703,Benjamin,Butler,bbutlerji@plala.or.jp,Male,89.71.215.31
704,Katherine,Carter,kcarterjj@abc.net.au,Female,16.127.4.79
705,Juan,Wilson,jwilsonjk@tripadvisor.com,Male,116.191.228.21
706,Edward,Austin,eaustinjl@qq.com,Male,248.247.74.174
707,Jane,Owens,jowensjm@adobe.com,Female,0.197.110.187
708,Terry,Rose,trosejn@shinystat.com,Male,64.87.94.175
709,Terry,Reed,treedjo@histats.com,Male,235.83.250.253
710,Ralph,Lynch,rlynchjp@telegraph.co.uk,Male,22.225.60.27
711,Gloria,Garcia,ggarciajq@marketwatch.com,Female,164.151.112.239
712,Kathy,Graham,kgrahamjr@yolasite.com,Female,115.135.183.43
713,Brandon,Martinez,bmartinezjs@drupal.org,Male,119.46.146.248
714,Walter,Ward,wwardjt@uiuc.edu,Male,184.56.163.18
715,Anthony,Bell,abellju@marketwatch.com,Male,230.98.63.57
716,Terry,Butler,tbutlerjv@go.com,Male,136.192.138.181
717,Dennis,Hall,dhalljw@addtoany.com,Male,117.82.63.211
718,Jeffrey,Black,jblackjx@comcast.net,Male,247.173.41.52
719,Sarah,Palmer,spalmerjy@go.com,Female,46.105.38.224
720,Christine,Allen,callenjz@sohu.com,Female,154.249.43.203
721,Wayne,Hanson,whansonk0@wordpress.org,Male,229.54.63.65
722,Kathleen,Hall,khallk1@mashable.com,Female,155.114.86.217
723,Gerald,Murray,gmurrayk2@hugedomains.com,Male,122.86.233.13
724,Patrick,Dunn,pdunnk3@economist.com,Male,192.187.207.30
725,Catherine,Watkins,cwatkinsk4@house.gov,Female,149.161.44.156
726,Emily,Morgan,emorgank5@youtu.be,Female,97.86.36.139
727,Lisa,Wheeler,lwheelerk6@51.la,Female,72.139.242.38
728,Keith,Powell,kpowellk7@usa.gov,Male,66.25.59.153
729,Stephanie,Hansen,shansenk8@yelp.com,Female,41.100.33.125
730,Craig,Mendoza,cmendozak9@technorati.com,Male,16.141.103.58
731,Randy,Hayes,rhayeska@stumbleupon.com,Male,117.217.170.11
732,Janice,Murphy,jmurphykb@wufoo.com,Female,249.221.7.206
733,Brandon,Rice,bricekc@blog.com,Male,244.87.195.142
734,Beverly,Rogers,brogerskd@hibu.com,Female,88.234.79.144
735,Jeffrey,Simmons,jsimmonske@miitbeian.gov.cn,Male,186.70.112.173
736,Jason,Scott,jscottkf@nps.gov,Male,145.12.20.216
737,Louis,Lawson,llawsonkg@omniture.com,Male,64.191.125.66
738,Debra,Campbell,dcampbellkh@spiegel.de,Female,90.203.146.244
739,Stephen,Matthews,smatthewski@stumbleupon.com,Male,64.26.183.21
740,Douglas,Berry,dberrykj@cnn.com,Male,39.92.216.115
741,Matthew,Berry,mberrykk@paginegialle.it,Male,69.226.231.159
742,Jason,Campbell,jcampbellkl@naver.com,Male,94.187.73.16
743,Dennis,White,dwhitekm@etsy.com,Male,45.151.48.39
744,Aaron,Hughes,ahugheskn@wikipedia.org,Male,195.227.172.148
745,Norma,Stone,nstoneko@europa.eu,Female,143.75.117.117
746,Henry,Morgan,hmorgankp@scientificamerican.com,Male,103.230.76.64
747,Peter,Morris,pmorriskq@bbc.co.uk,Male,68.164.216.94
748,Kathleen,Edwards,kedwardskr@oaic.gov.au,Female,137.38.205.48
749,Dorothy,Bishop,dbishopks@paginegialle.it,Female,150.52.133.219
750,Joshua,Banks,jbankskt@shutterfly.com,Male,140.226.208.154
751,Shawn,Walker,swalkerku@people.com.cn,Male,151.50.47.51
752,George,Henderson,ghendersonkv@ezinearticles.com,Male,177.52.255.7
753,Johnny,Elliott,jelliottkw@cdc.gov,Male,33.20.155.78
754,Phyllis,Stewart,pstewartkx@foxnews.com,Female,60.94.153.227
755,Harold,Brown,hbrownky@fema.gov,Male,2.37.41.252
756,Ryan,Romero,rromerokz@ed.gov,Male,177.183.85.27
757,Carol,Murphy,cmurphyl0@mit.edu,Female,35.70.224.214
758,Judy,Wood,jwoodl1@umn.edu,Female,51.74.191.184
759,Laura,Ward,lwardl2@nba.com,Female,120.47.5.56
760,Stephen,Simpson,ssimpsonl3@jimdo.com,Male,160.21.175.49
761,Louise,Griffin,lgriffinl4@springer.com,Female,165.102.222.64
762,George,Martin,gmartinl5@sciencedaily.com,Male,161.6.161.216
763,Justin,Wells,jwellsl6@cornell.edu,Male,103.1.149.128
764,Harry,Stephens,hstephensl7@bravesites.com,Male,39.51.208.147
765,Andrew,Ross,arossl8@sakura.ne.jp,Male,102.10.225.48
766,Matthew,Washington,mwashingtonl9@bloomberg.com,Male,123.58.123.139
767,Frank,Peterson,fpetersonla@prnewswire.com,Male,206.200.45.94
768,George,Sullivan,gsullivanlb@symantec.com,Male,165.57.88.156
769,Ruby,Burns,rburnslc@netlog.com,Female,220.219.201.196
770,Helen,Ray,hrayld@npr.org,Female,196.32.254.208
771,Shawn,Harper,sharperle@g.co,Male,149.143.203.244
772,Jimmy,Chavez,jchavezlf@51.la,Male,212.244.190.42
773,Thomas,Lawrence,tlawrencelg@ycombinator.com,Male,198.77.3.29
774,Jessica,Fields,jfieldslh@nsw.gov.au,Female,155.48.157.173
775,Teresa,Garcia,tgarciali@webs.com,Female,238.186.123.154
776,Juan,Knight,jknightlj@fda.gov,Male,251.97.6.192
777,Michael,Medina,mmedinalk@amazon.com,Male,157.24.230.224
778,Donald,Ray,drayll@topsy.com,Male,97.249.44.68
779,Matthew,Medina,mmedinalm@yellowbook.com,Male,90.83.49.90
780,Mildred,West,mwestln@indiegogo.com,Female,168.153.0.121
781,Brenda,Simpson,bsimpsonlo@digg.com,Female,131.180.152.13
782,Robin,Cooper,rcooperlp@51.la,Female,17.165.230.187
783,Maria,Vasquez,mvasquezlq@newyorker.com,Female,40.83.235.147
784,Samuel,Rose,sroselr@virginia.edu,Male,41.103.65.115
785,Daniel,Brown,dbrownls@ca.gov,Male,163.11.166.44
786,Kevin,Williamson,kwilliamsonlt@loc.gov,Male,71.219.50.29
787,Anne,Campbell,acampbelllu@theguardian.com,Female,59.197.174.200
788,Bobby,Garrett,bgarrettlv@msn.com,Male,63.22.59.75
789,Jessica,Johnston,jjohnstonlw@woothemes.com,Female,35.225.151.62
790,Cheryl,Bishop,cbishoplx@alexa.com,Female,135.74.186.214
791,Lisa,Rivera,lriveraly@earthlink.net,Female,225.79.5.235
792,Mark,Fuller,mfullerlz@wired.com,Male,178.203.201.185
793,Douglas,Harrison,dharrisonm0@studiopress.com,Male,44.27.182.39
794,Victor,Parker,vparkerm1@google.cn,Male,76.105.140.53
795,Arthur,Bradley,abradleym2@ihg.com,Male,178.2.196.152
796,Sean,Rice,sricem3@webeden.co.uk,Male,99.34.198.189
797,John,Rose,jrosem4@dailymail.co.uk,Male,156.249.222.66
798,Jimmy,White,jwhitem5@reuters.com,Male,83.240.176.228
799,Kathy,Ward,kwardm6@princeton.edu,Female,200.29.31.54
800,Anne,Wilson,awilsonm7@narod.ru,Female,123.246.205.128
801,Deborah,Grant,dgrantm8@fema.gov,Female,72.69.101.246
802,Laura,Oliver,loliverm9@craigslist.org,Female,245.196.202.207
803,Ronald,Sims,rsimsma@walmart.com,Male,23.117.113.168
804,Ruby,Bennett,rbennettmb@moonfruit.com,Female,111.192.14.164
805,Earl,Spencer,espencermc@google.fr,Male,95.142.163.116
806,Patrick,Frazier,pfraziermd@mayoclinic.com,Male,61.198.121.64
807,Dennis,Fields,dfieldsme@godaddy.com,Male,152.134.199.163
808,Harold,Nichols,hnicholsmf@foxnews.com,Male,40.69.6.75
809,Stephanie,Alvarez,salvarezmg@lulu.com,Female,96.200.78.167
810,Frances,Andrews,fandrewsmh@goodreads.com,Female,97.242.207.232
811,Jane,Stewart,jstewartmi@bandcamp.com,Female,217.16.247.96
812,Jean,Martin,jmartinmj@utexas.edu,Female,225.115.125.100
813,Pamela,Warren,pwarrenmk@cdbaby.com,Female,144.14.254.235
814,Christine,Parker,cparkerml@moonfruit.com,Female,14.206.32.251
815,William,Hamilton,whamiltonmm@accuweather.com,Male,250.59.130.121
816,Tina,Gardner,tgardnermn@reuters.com,Female,101.213.32.127
817,Jane,Fox,jfoxmo@privacy.gov.au,Female,84.169.225.68
818,Joseph,Cook,jcookmp@dailymotion.com,Male,70.22.52.93
819,Kathleen,Pierce,kpiercemq@a8.net,Female,213.176.51.207
820,Raymond,Green,rgreenmr@wix.com,Male,84.179.64.219
821,Shirley,Oliver,soliverms@nsw.gov.au,Female,121.223.93.51
822,Anne,Edwards,aedwardsmt@hexun.com,Female,231.205.34.150
823,Stephen,Hill,shillmu@oaic.gov.au,Male,210.161.191.26
824,Earl,Mccoy,emccoymv@springer.com,Male,196.69.180.196
825,Christina,Smith,csmithmw@barnesandnoble.com,Female,24.32.163.44
826,Roy,Jenkins,rjenkinsmx@icio.us,Male,241.132.157.206
827,Harold,Sims,hsimsmy@discuz.net,Male,57.156.78.127
828,Debra,Bennett,dbennettmz@clickbank.net,Female,19.201.121.25
829,Kathy,Myers,kmyersn0@simplemachines.org,Female,166.42.204.219
830,Kathryn,Burke,kburken1@webnode.com,Female,211.76.17.78
831,Judith,Gilbert,jgilbertn2@canalblog.com,Female,212.184.220.126
832,Robin,Armstrong,rarmstrongn3@baidu.com,Female,152.233.22.6
833,Heather,Perkins,hperkinsn4@yelp.com,Female,49.146.29.171
834,Susan,Montgomery,smontgomeryn5@google.pl,Female,36.13.28.204
835,Frank,Kelly,fkellyn6@digg.com,Male,35.40.144.76
836,Thomas,Bell,tbelln7@discuz.net,Male,90.74.158.182
837,Tina,Crawford,tcrawfordn8@foxnews.com,Female,41.96.227.192
838,Ralph,Gardner,rgardnern9@twitpic.com,Male,223.5.212.35
839,Helen,Garza,hgarzana@delicious.com,Female,69.2.124.18
840,Carl,Greene,cgreenenb@vimeo.com,Male,250.205.222.109
841,Jonathan,Smith,jsmithnc@hatena.ne.jp,Male,175.102.158.254
842,Michelle,Crawford,mcrawfordnd@quantcast.com,Female,221.119.254.188
843,Jack,Mason,jmasonne@amazon.co.uk,Male,199.128.139.151
844,Kathy,Garcia,kgarcianf@drupal.org,Female,203.10.120.205
845,Benjamin,Brown,bbrownng@phpbb.com,Male,142.136.48.185
846,Jean,Dunn,jdunnnh@seattletimes.com,Female,21.175.250.225
847,Bruce,Parker,bparkerni@360.cn,Male,254.255.246.49
848,Carolyn,Rose,crosenj@slideshare.net,Female,19.143.2.83
849,Eugene,Young,eyoungnk@rediff.com,Male,28.49.225.160
850,Arthur,Campbell,acampbellnl@twitter.com,Male,158.41.240.5
851,Amy,Martinez,amartineznm@scribd.com,Female,81.246.85.74
852,Harold,Gomez,hgomeznn@noaa.gov,Male,104.43.189.80
853,Fred,Dean,fdeanno@mozilla.com,Male,118.20.139.108
854,Roger,Cooper,rcoopernp@github.com,Male,149.124.122.191
855,Tina,Henry,thenrynq@marriott.com,Female,88.73.7.130
856,Donna,Scott,dscottnr@google.com.au,Female,200.69.207.29
857,Elizabeth,Welch,ewelchns@amazon.co.uk,Female,78.190.4.62
858,Amy,White,awhitent@si.edu,Female,204.153.19.135
859,Lawrence,Hill,lhillnu@virginia.edu,Male,166.44.121.173
860,Jonathan,Ferguson,jfergusonnv@github.com,Male,225.178.8.25
861,Kenneth,Arnold,karnoldnw@tinyurl.com,Male,25.156.154.180
862,Steven,Hicks,shicksnx@privacy.gov.au,Male,145.12.232.254
863,Robert,Moore,rmooreny@storify.com,Male,87.87.51.237
864,Sarah,Lawson,slawsonnz@histats.com,Female,145.49.184.93
865,Antonio,Cruz,acruzo0@hhs.gov,Male,143.131.238.4
866,George,Bennett,gbennetto1@accuweather.com,Male,206.35.58.113
867,Johnny,Stevens,jstevenso2@google.de,Male,254.242.177.133
868,Gloria,Richards,grichardso3@liveinternet.ru,Female,109.230.228.169
869,Sarah,Hunter,shuntero4@pinterest.com,Female,176.132.157.177
870,Julia,Willis,jwilliso5@gravatar.com,Female,59.238.135.71
871,Kathleen,Moreno,kmorenoo6@tripod.com,Female,253.61.1.226
872,Kathy,Henderson,khendersono7@toplist.cz,Female,187.211.208.125
873,Diana,Edwards,dedwardso8@photobucket.com,Female,34.204.75.234
874,Theresa,Hayes,thayeso9@altervista.org,Female,89.193.54.248
875,Diane,Taylor,dtayloroa@icio.us,Female,221.129.179.73
876,Wanda,James,wjamesob@apache.org,Female,124.43.247.79
877,Lillian,Medina,lmedinaoc@cbslocal.com,Female,16.41.78.247
878,Wayne,Gray,wgrayod@ow.ly,Male,6.26.101.65
879,Jack,Phillips,jphillipsoe@last.fm,Male,11.160.22.115
880,Arthur,Fox,afoxof@shop-pro.jp,Male,129.249.49.182
881,Philip,Lynch,plynchog@yellowbook.com,Male,88.100.131.187
882,Larry,Gilbert,lgilbertoh@ucoz.com,Male,15.240.23.93
883,Norma,Lynch,nlynchoi@multiply.com,Female,223.140.253.246
884,Sean,Lopez,slopezoj@naver.com,Male,250.121.77.188
885,Amanda,Kelley,akelleyok@reddit.com,Female,74.86.195.56
886,Kathleen,Baker,kbakerol@canalblog.com,Female,164.97.56.80
887,Sharon,Hansen,shansenom@devhub.com,Female,7.226.219.162
888,Carlos,Owens,cowenson@census.gov,Male,242.14.61.128
889,Steven,Andrews,sandrewsoo@answers.com,Male,223.221.59.182
890,Steve,Watson,swatsonop@pbs.org,Male,39.161.22.208
891,Sean,Stevens,sstevensoq@php.net,Male,168.166.168.138
892,Kathryn,Nguyen,knguyenor@acquirethisname.com,Female,50.131.254.223
893,Marie,Rice,mriceos@reuters.com,Female,176.62.64.34
894,Julie,Campbell,jcampbellot@jimdo.com,Female,203.146.61.75
895,Jimmy,Alvarez,jalvarezou@vistaprint.com,Male,232.210.48.78
896,Philip,Richardson,prichardsonov@state.gov,Male,191.93.163.48
897,Rachel,Romero,rromeroow@cocolog-nifty.com,Female,192.231.94.186
898,Ryan,Riley,rrileyox@yellowpages.com,Male,136.41.173.234
899,Johnny,Harris,jharrisoy@seattletimes.com,Male,93.119.101.238
900,Arthur,Frazier,afrazieroz@ucsd.edu,Male,130.143.198.22
901,Lori,Thomas,lthomasp0@woothemes.com,Female,16.94.84.94
902,Martha,Adams,madamsp1@theglobeandmail.com,Female,225.18.117.5
903,Robert,Dunn,rdunnp2@squarespace.com,Male,181.156.77.121
904,Martha,Franklin,mfranklinp3@illinois.edu,Female,105.239.237.231
905,Stephanie,Anderson,sandersonp4@cisco.com,Female,50.171.227.156
906,Kathy,Cox,kcoxp5@omniture.com,Female,137.4.235.127
907,Sean,Hunt,shuntp6@blogtalkradio.com,Male,74.40.121.146
908,Deborah,Ross,drossp7@examiner.com,Female,247.171.90.209
909,Lori,Lewis,llewisp8@yellowpages.com,Female,136.164.144.212
910,Donna,Berry,dberryp9@geocities.com,Female,73.156.128.97
911,Gary,Bennett,gbennettpa@quantcast.com,Male,176.90.137.152
912,Lori,Sanders,lsanderspb@skype.com,Female,242.142.81.54
913,Michael,Jones,mjonespc@posterous.com,Male,127.105.244.238
914,Martha,Stevens,mstevenspd@skype.com,Female,59.178.91.44
915,Virginia,Graham,vgrahampe@devhub.com,Female,128.223.216.196
916,Pamela,Hall,phallpf@cocolog-nifty.com,Female,9.11.238.151
917,Emily,Nichols,enicholspg@imdb.com,Female,168.154.57.112
918,Martha,Cox,mcoxph@mysql.com,Female,156.92.18.64
919,Robert,Marshall,rmarshallpi@ca.gov,Male,26.247.220.252
920,Tammy,Arnold,tarnoldpj@netvibes.com,Female,96.80.34.197
921,Marilyn,Hunt,mhuntpk@loc.gov,Female,192.195.74.205
922,Howard,Edwards,hedwardspl@mozilla.org,Male,113.161.74.20
923,Christine,Stevens,cstevenspm@stumbleupon.com,Female,6.178.164.190
924,Ann,Cox,acoxpn@behance.net,Female,42.11.219.49
925,Marie,Ford,mfordpo@photobucket.com,Female,34.139.32.93
926,Richard,Young,ryoungpp@gmpg.org,Male,175.115.254.153
927,Arthur,Scott,ascottpq@guardian.co.uk,Male,48.236.106.143
928,Stephen,Mendoza,smendozapr@artisteer.com,Male,141.147.109.129
929,Denise,Flores,dfloresps@tumblr.com,Female,82.142.3.42
930,Tina,Williams,twilliamspt@mit.edu,Female,150.95.234.26
931,Ruth,Lawson,rlawsonpu@paginegialle.it,Female,202.217.57.66
932,Donna,Reed,dreedpv@livejournal.com,Female,169.30.174.93
933,Diana,Duncan,dduncanpw@merriam-webster.com,Female,112.214.144.255
934,Brandon,Holmes,bholmespx@census.gov,Male,155.94.3.253
935,Douglas,Dean,ddeanpy@blogger.com,Male,132.170.225.247
936,Raymond,Butler,rbutlerpz@irs.gov,Male,40.195.217.10
937,Jonathan,Morgan,jmorganq0@yahoo.co.jp,Male,23.172.237.152
938,Jerry,Gonzalez,jgonzalezq1@goo.ne.jp,Male,225.227.18.101
939,Helen,Perry,hperryq2@walmart.com,Female,182.39.77.191
940,Ruth,Burton,rburtonq3@usatoday.com,Female,253.237.97.106
941,Willie,Reid,wreidq4@wikia.com,Male,24.84.91.73
942,Patrick,Burke,pburkeq5@unc.edu,Male,231.120.90.170
943,Linda,Gardner,lgardnerq6@narod.ru,Female,100.246.32.159
944,Amy,Myers,amyersq7@google.cn,Female,84.183.251.41
945,Henry,Meyer,hmeyerq8@spiegel.de,Male,217.162.135.226
946,Jean,Banks,jbanksq9@quantcast.com,Female,17.43.115.159
947,Harry,Johnson,hjohnsonqa@domainmarket.com,Male,25.7.56.130
948,Jesse,Lopez,jlopezqb@rambler.ru,Male,29.246.42.138
949,Kimberly,Williams,kwilliamsqc@about.com,Female,194.85.234.222
950,Ashley,Montgomery,amontgomeryqd@va.gov,Female,108.172.213.220
951,Heather,Fernandez,hfernandezqe@engadget.com,Female,205.195.109.230
952,Judy,Hicks,jhicksqf@infoseek.co.jp,Female,240.31.223.163
953,Anthony,Gilbert,agilbertqg@a8.net,Male,117.18.238.150
954,Phyllis,Butler,pbutlerqh@cargocollective.com,Female,103.246.99.215
955,Steve,King,skingqi@creativecommons.org,Male,91.183.55.17
956,James,Hicks,jhicksqj@nhs.uk,Male,87.155.239.115
957,Steven,Stanley,sstanleyqk@elegantthemes.com,Male,119.163.32.18
958,Christopher,Hernandez,chernandezql@hc360.com,Male,189.209.85.245
959,Donna,Reed,dreedqm@chicagotribune.com,Female,73.2.219.201
960,Michael,Cunningham,mcunninghamqn@reuters.com,Male,165.21.68.102
961,Julia,Oliver,joliverqo@ca.gov,Female,72.118.254.85
962,Joseph,Turner,jturnerqp@va.gov,Male,29.247.72.76
963,Brandon,Chavez,bchavezqq@networksolutions.com,Male,96.9.115.250
964,Karen,Thomas,kthomasqr@statcounter.com,Female,175.180.65.97
965,Robin,Thompson,rthompsonqs@state.tx.us,Female,125.44.105.129
966,Cheryl,Howell,chowellqt@dailymail.co.uk,Female,222.203.44.177
967,Angela,Howell,ahowellqu@photobucket.com,Female,124.5.80.26
968,Martin,Payne,mpayneqv@163.com,Male,223.93.161.125
969,Julia,Stephens,jstephensqw@g.co,Female,212.126.112.191
970,Judy,Bradley,jbradleyqx@umich.edu,Female,14.110.32.146
971,Phillip,Wheeler,pwheelerqy@admin.ch,Male,170.55.206.109
972,Jimmy,Woods,jwoodsqz@washingtonpost.com,Male,36.88.60.30
973,Carolyn,Garcia,cgarciar0@google.it,Female,34.204.155.179
974,Christopher,Cooper,ccooperr1@mediafire.com,Male,223.198.193.21
975,Martha,Banks,mbanksr2@tiny.cc,Female,135.219.89.253
976,Carolyn,Lawson,clawsonr3@nytimes.com,Female,125.234.107.198
977,John,Price,jpricer4@ted.com,Male,184.41.10.73
978,Lawrence,Hart,lhartr5@msu.edu,Male,78.47.140.228
979,Joseph,Wagner,jwagnerr6@nationalgeographic.com,Male,138.136.0.243
980,Nicholas,Carter,ncarterr7@ibm.com,Male,192.165.203.168
981,Paula,Howell,phowellr8@imgur.com,Female,242.168.98.44
982,Aaron,Miller,amillerr9@bloglovin.com,Male,64.147.138.0
983,Teresa,Bishop,tbishopra@nytimes.com,Female,124.36.139.229
984,Joyce,Matthews,jmatthewsrb@blogger.com,Female,16.99.66.195
985,Chris,Fowler,cfowlerrc@people.com.cn,Male,117.46.143.55
986,Betty,Ray,brayrd@webeden.co.uk,Female,210.10.118.201
987,Alan,Rodriguez,arodriguezre@discuz.net,Male,66.111.128.30
988,Kathleen,Cruz,kcruzrf@google.co.uk,Female,233.231.190.137
989,Denise,Berry,dberryrg@slashdot.org,Female,35.10.130.104
990,Annie,Campbell,acampbellrh@psu.edu,Female,60.38.146.186
991,Judy,Allen,jallenri@hp.com,Female,189.8.38.98
992,Norma,Franklin,nfranklinrj@google.ru,Female,157.86.121.193
993,Victor,Scott,vscottrk@ovh.net,Male,94.40.23.152
994,Julie,Hayes,jhayesrl@wp.com,Female,73.44.126.171
995,Jeremy,Evans,jevansrm@apple.com,Male,103.193.81.41
996,Andrew,Kim,akimrn@ning.com,Male,213.241.105.49
997,Jacqueline,Griffin,jgriffinro@amazon.co.jp,Female,40.160.173.252
998,George,Brown,gbrownrp@gnu.org,Male,76.20.95.171
999,Judith,Riley,jrileyrq@51.la,Female,195.89.52.146
1000,Johnny,Burns,jburnsrr@miibeian.gov.cn,Male,88.38.121.208
